{"system":{"emitters":[{"color":[1.0,1.0,1.0,0.019530],"cone_angle":30.0,"cone_radius":0.10,"default_particle":[0.30,0.50],"diffuse":"$GAME_DATA/Particles/Textures/Smoke/smoke_clouds02.tga","direction_type":"shape","duration":0.009990000000000001,"effects":[{"animation":"sheet","end_texture_coords_range":64,"fps":30,"guid":1,"name":"TextureAnimator"}],"emission_mode":"loop","emission_rate":10,"force_vector":[0.0,0.0,6.0],"friction":[2.0,0.20],"guid":0,"keep_local":true,"max_particles":100,"name":"Smoke1","scene_blend":"alpha_blend","shape_rotation":[90.0,0.0,-0.0],"tiles":[8,8],"time_to_live":1.0,"type":"cone","velocity":[0.10,0.10]},{"color":[1.0,1.0,1.0,0.07811999999999999],"default_particle":[0.10,0.50],"diffuse":"$GAME_DATA/Particles/Textures/Smoke/smoke_clouds02.tga","direction_type":"shape","duration":0.009990000000000001,"effects":[{"animation":"sheet","end_texture_coords_range":64,"fps":30,"guid":3,"name":"TextureAnimator","toggle":false},{"axis":"x","base":-1.0,"control_point":[[0.0,0.0],[0.044950,0.032630],[0.07236000000000001,0.088020],[0.08880,0.151320],[0.138150,0.16320],[0.199560,0.139450],[0.292760,0.07418000000000001],[0.411170,-0.048480],[0.460510,-0.068260],[0.506560,-0.05638000000000001],[0.573450,0.002950],[0.6304700000000001,0.004940000000000001],[0.6721400000000001,-0.006930],[0.7127100000000001,-0.040570],[0.7510800000000001,-0.058360],[0.8245500000000001,-0.05638000000000001],[0.9111800000000001,-0.006930],[1.0,0.0]],"guid":4,"max":1.0,"name":"Velocity","repeat_over_time":true},{"axis":"z","base":-2.0,"control_point":[[0.0,0.0],[0.08442000000000001,-0.215630],[0.183110,-0.172110],[0.27850,0.069230],[0.336620,0.259140],[0.421050,0.215620],[0.491220,-0.08903000000000001],[0.564690,-0.219590],[0.630480,-0.128590],[0.6962700000000001,-0.108810],[0.8026300000000001,-0.223550],[0.8837700000000001,-0.191890],[0.9418800000000001,-0.065290],[1.0,0.0]],"guid":5,"max":2.0,"name":"Velocity","repeat_over_time":true}],"emission_mode":"loop","emission_rate":10,"force_vector":[0.0,0.0,4.0],"friction":[2.0,1.0],"guid":2,"keep_local":true,"max_particles":100,"name":"Smokehighlight","rotation":[0.0,360.0],"rotation_speed":[0.0,250.0],"scene_blend":"alpha_blend","shape_rotation":[90.0,0.0,-0.0],"tiles":[8,8],"time_to_live":1.0,"velocity":0.0}]}}
